<?xml version="1.0" encoding="UTF-8"?>
<project-private xmlns="http://www.netbeans.org/ns/project-private/1">
    <editor-bookmarks xmlns="http://www.netbeans.org/ns/editor-bookmarks/2" lastBookmarkId="0"/>
    <open-files xmlns="http://www.netbeans.org/ns/projectui-open-files/2">
        <group>
            <file>file:/D:/TEC/2019%20-%20Verano/POO/PRYLA10ROBLES_KEVIN_TREJOS_OSCAR/Lab10/PRYLAB10PROPIEDAD/src/aplicacion/AplBienInmueble.java</file>
            <file>file:/D:/TEC/2019%20-%20Verano/POO/PRYLA10ROBLES_KEVIN_TREJOS_OSCAR/Lab10/PRYLAB10PROPIEDAD/src/logicadenegocios/Construccion.java</file>
        </group>
    </open-files>
</project-private>
